Variable,Frequency,"Percentiles (25th,50th,75th)",Data Completeness,Mean,Median,Mode,Standard Deviation,Variance,Skewness,Kurtosis
dependents,"0 : 58.6%, 1 : 16.6%, 2 : 16.4%, 4 : 8.3%",-,100.0%,-,-,0.0,-,-,-,-
education,"0 : 78.2%, 1 : 21.8%",-,100.0%,-,-,0.0,-,-,-,-
self_employed,"0 : 86.6%, 1 : 13.4%",-,100.0%,-,-,0.0,-,-,-,-
loan_amount_term,614,"360.0,360.0,360.0",100.0%,342.41,360.0,360.0,64.43,4151.05,-2.4,6.92
credit_history,"0.0 : 14.5%, 1.0 : 85.5%",-,100.0%,-,-,1.0,-,-,-,-
property_area,"0 : 29.2%, 1 : 37.9%, 2 : 32.9%",-,100.0%,-,-,1.0,-,-,-,-
loan_status,"0 : 31.3%, 1 : 68.7%",-,100.0%,-,-,1.0,-,-,-,-
total_income_log,614,"8.33,8.6,8.92",100.0%,8.62,8.6,9.23,0.43,0.18,0.0,-0.34
loan_amount_log,614,"4.61,4.85,5.1",100.0%,4.83,4.85,5.57,0.45,0.2,-0.94,2.98
