,dependents,education,self_employed,loan_amount_term,credit_history,property_area,loan_status,total_income_log,loan_amount_log
0,0,0,0,360.0,1.0,2,1,8.674025985443025,4.852030263919617
1,1,0,0,360.0,1.0,0,0,8.714567550836485,4.852030263919617
2,0,0,1,360.0,1.0,2,1,8.006367567650246,4.189654742026425
3,0,1,0,360.0,1.0,2,1,8.50532301884575,4.787491742782046
4,0,0,0,360.0,1.0,2,1,8.699514748210191,4.948759890378168
5,2,0,1,360.0,1.0,2,1,9.170871628065816,5.566434283504978
6,0,1,0,360.0,1.0,2,1,8.255568653283746,4.553876891600541
7,4,0,0,360.0,0.0,1,0,8.61974977974133,5.062595033026967
8,2,0,0,360.0,1.0,2,1,8.61830469278465,5.123963979403259
9,1,0,0,360.0,1.0,1,0,9.674978067817195,5.566434283504978
10,2,0,0,360.0,1.0,2,1,8.268731832117737,4.248495242049359
11,2,0,0,360.0,1.0,2,1,8.375629627094451,4.6913478822291435
12,2,0,0,360.0,1.0,2,1,9.084337710058058,5.298317366548036
13,0,0,0,360.0,1.0,0,0,8.453827315794417,4.736198448394496
14,2,0,0,120.0,1.0,2,1,7.776954403322442,2.833213344056216
15,0,0,0,360.0,1.0,2,1,8.507142855562735,4.8283137373023015
16,1,1,0,240.0,1.0,2,1,8.18757739559151,4.605170185988092
17,0,0,0,360.0,0.0,2,0,8.163371316459912,4.330733340286331
18,0,1,0,360.0,1.0,0,0,8.494333897270154,4.890349128221754
19,0,0,0,360.0,1.0,2,1,8.716044050161402,4.74493212836325
20,0,1,0,360.0,0.0,2,0,8.943767262734637,4.6443908991413725
21,1,0,0,360.0,1.0,2,1,9.357034751126987,5.566434283504978
22,0,1,0,360.0,0.0,1,0,8.414274137408396,4.7535901911063645
23,2,1,0,360.0,0.0,0,0,8.572060092857077,4.718498871295094
24,1,0,0,360.0,1.0,1,0,8.801168401936692,5.017279836814924
25,0,0,1,360.0,1.0,1,1,9.165343006045447,5.25227342804663
26,0,0,0,360.0,1.0,1,1,8.527539483470381,4.804021044733257
27,2,1,0,360.0,1.0,2,1,8.569026340056254,4.700480365792417
28,0,1,0,360.0,1.0,2,0,7.273786317844895,3.5553480614894135
29,2,0,0,360.0,1.0,1,1,8.671286726753637,4.787491742782046
30,1,0,0,360.0,1.0,2,0,8.927314111060596,5.303304908059076
31,0,0,0,360.0,1.0,2,0,8.06054004653864,4.30406509320417
32,1,0,1,360.0,1.0,0,0,8.453614209773367,4.663439094112067
33,0,0,0,360.0,1.0,1,1,8.550047528287184,4.736198448394496
34,4,0,0,360.0,1.0,0,0,9.485791702913737,5.566434283504978
35,0,0,0,360.0,1.0,2,1,8.376090350438238,4.852030263919617
36,0,0,0,360.0,0.0,2,0,8.057694194815587,4.605170185988092
37,0,0,0,360.0,1.0,1,1,8.542080906924017,4.969813299576001
38,0,0,0,360.0,1.0,2,1,9.201211328773965,5.214935757608986
39,0,1,0,360.0,1.0,1,1,8.59711281459211,4.700480365792417
40,0,0,0,360.0,1.0,2,0,8.1886891244442,4.382026634673881
41,0,0,0,360.0,1.0,2,1,8.0106915391303,3.8501476017100584
42,0,0,0,360.0,1.0,2,1,7.783224016336037,4.31748811353631
43,0,0,0,360.0,1.0,1,1,8.744647438317532,4.897839799950911
44,0,1,1,360.0,1.0,2,1,8.454253391642363,4.564348191467836
45,0,0,0,360.0,1.0,2,1,8.134467570277563,4.477336814478207
46,1,0,0,360.0,1.0,2,1,8.639233817325263,3.784189633918261
47,0,0,0,360.0,1.0,2,1,8.669227347271736,4.969813299576001
48,0,0,0,360.0,0.0,2,0,8.713582005421628,4.787491742782046
49,0,0,0,360.0,1.0,1,1,8.744328763999984,4.969813299576001
50,0,1,0,360.0,1.0,1,1,8.18088094199639,4.605170185988092
51,0,0,0,360.0,1.0,1,1,8.034631032923107,4.787491742782046
52,0,0,0,360.0,1.0,1,0,8.349957272040324,4.718498871295094
53,2,0,0,360.0,1.0,2,0,8.437283808187935,4.897839799950911
54,1,0,1,360.0,0.0,2,0,9.227320392010867,5.566434283504978
55,2,0,0,360.0,1.0,1,1,8.262300941787448,4.574710978503383
56,0,0,0,360.0,1.0,1,1,8.222285073872717,4.564348191467836
57,0,0,0,360.0,1.0,0,0,8.624431942085836,4.90527477843843
58,1,0,0,360.0,1.0,2,1,9.242807562113684,5.19295685089021
59,2,1,0,360.0,1.0,2,1,8.734881892047483,4.969813299576001
60,0,0,0,360.0,1.0,2,1,8.74766979009724,4.787491742782046
61,4,0,0,360.0,1.0,2,1,8.015987811027237,4.59511985013459
62,0,1,1,180.0,0.0,0,0,8.709134991587183,5.10594547390058
63,1,0,0,360.0,0.0,0,0,8.506132244056813,4.852030263919617
64,0,0,0,360.0,0.0,1,0,8.334711621820917,4.7535901911063645
65,0,0,0,360.0,1.0,1,0,9.241935933565934,5.552959584921617
66,0,1,0,180.0,0.0,2,0,8.604104563405533,4.836281906951478
67,1,0,0,360.0,1.0,2,1,9.227320392010867,5.566434283504978
68,4,1,1,60.0,1.0,2,1,8.867850063029406,4.8283137373023015
69,0,0,0,360.0,0.0,1,0,8.366370301681654,4.912654885736052
70,0,0,0,360.0,1.0,2,1,8.744169388750624,5.147494476813453
71,2,1,1,360.0,1.0,1,1,8.229511118964457,4.574710978503383
72,0,0,0,300.0,1.0,1,1,8.160518247477505,4.394449154672439
73,4,1,0,360.0,0.0,1,0,8.46695197497949,4.553876891600541
74,4,0,1,360.0,1.0,1,1,8.859363449152088,5.231108616854587
75,0,0,0,480.0,1.0,2,0,8.229511118964457,4.727387818712341
76,0,0,0,360.0,1.0,2,0,9.047821442478408,5.170483995038151
77,1,0,1,360.0,1.0,2,0,8.299534570332597,4.700480365792417
78,4,0,0,300.0,0.0,1,0,8.877242435993919,5.19295685089021
79,4,1,1,360.0,1.0,1,1,8.612321536507814,4.867534450455582
80,0,0,0,360.0,1.0,1,1,8.254788926148725,4.709530201312334
81,1,0,1,360.0,1.0,1,1,7.781138509845015,4.852030263919617
82,2,0,0,360.0,1.0,2,0,8.089175678837561,5.117993812416755
83,0,0,0,360.0,1.0,1,0,9.017968479328726,5.566434283504978
84,1,0,0,240.0,1.0,2,1,8.291045131081729,3.912023005428146
85,0,0,0,360.0,1.0,1,1,8.496378051702317,4.912654885736052
86,2,1,0,360.0,1.0,1,1,8.581669210600602,4.59511985013459
87,0,0,0,360.0,1.0,1,1,8.43771698991444,4.6443908991413725
88,0,0,0,360.0,1.0,2,1,9.055556158175316,5.3471075307174685
89,0,0,0,360.0,1.0,1,1,9.196444266784072,5.1647859739235145
90,0,0,0,360.0,1.0,1,1,8.675563527387679,4.875197323201151
91,2,0,0,180.0,1.0,1,1,9.384629757072872,5.236441962829949
92,2,1,0,360.0,1.0,2,1,8.535622326884605,4.394449154672439
93,0,0,0,360.0,1.0,1,1,8.326758814511733,4.804021044733257
94,0,1,0,120.0,1.0,1,1,8.194229304819817,3.2188758248682006
95,0,0,0,360.0,1.0,2,0,8.822027322685583,4.852030263919617
96,0,0,0,360.0,1.0,1,1,8.47345026846832,4.919980925828125
97,0,0,0,360.0,1.0,1,1,7.9976631270201,3.912023005428146
98,0,1,0,180.0,1.0,1,1,8.339978571990427,4.74493212836325
99,0,0,0,360.0,1.0,1,1,8.575462099540212,4.875197323201151
100,2,1,0,180.0,1.0,2,1,8.929435283803425,4.890349128221754
101,0,0,0,360.0,1.0,1,1,9.065198986306513,5.017279836814924
102,0,0,0,360.0,1.0,2,1,9.227320392010867,4.852030263919617
103,0,0,0,360.0,1.0,1,1,9.016148642611741,4.852030263919617
104,0,0,0,360.0,1.0,2,1,8.42726848388825,5.075173815233827
105,1,0,0,360.0,1.0,2,1,8.31434234336979,4.605170185988092
106,2,0,0,360.0,1.0,2,1,9.332314612251034,5.41610040220442
107,0,1,0,360.0,1.0,0,0,8.9001399880938,4.787491742782046
108,2,0,0,360.0,0.0,2,0,8.909235279192261,5.375278407684165
109,4,1,0,480.0,1.0,1,1,7.946263643580541,4.543294782270004
110,0,0,0,360.0,1.0,2,1,8.578476419833136,4.912654885736052
111,0,0,0,360.0,1.0,1,1,8.568266461600238,4.9344739331306915
112,0,1,0,360.0,0.0,0,0,8.94715577112479,5.0238805208462765
113,1,0,1,360.0,1.0,1,1,8.916103530553727,4.852030263919617
114,0,0,0,360.0,1.0,1,1,8.527143522269405,4.770684624465665
115,1,0,0,180.0,1.0,0,1,9.227320392010867,5.220355825078324
116,0,0,0,360.0,1.0,1,1,8.60337088765729,5.0369526024136295
117,1,0,0,360.0,1.0,2,1,8.192016914536875,4.442651256490317
118,0,0,0,360.0,1.0,0,0,8.950273466557375,5.1647859739235145
119,0,0,0,360.0,1.0,2,1,9.227320392010867,5.556828061699537
120,0,0,0,360.0,1.0,0,1,9.0280988119824,5.19295685089021
121,0,0,0,360.0,1.0,1,1,8.334711621820917,3.784189633918261
122,0,0,0,360.0,0.0,1,1,8.972099045670273,4.919980925828125
123,2,0,0,360.0,1.0,1,1,7.9919305198524775,4.394449154672439
124,0,1,0,360.0,1.0,0,1,8.750524669117937,5.267858159063328
125,0,0,0,360.0,1.0,0,1,8.213923595622743,4.532599493153256
126,4,0,0,360.0,1.0,0,1,9.227320392010867,5.566434283504978
127,0,0,0,360.0,1.0,0,1,8.61341204915678,4.852030263919617
128,1,0,1,180.0,0.0,2,0,9.548329314959433,5.075173815233827
129,0,0,0,360.0,1.0,0,0,9.065198986306513,5.204006687076795
130,0,0,1,480.0,1.0,2,1,9.227320392010867,5.566434283504978
131,0,0,0,360.0,1.0,2,1,8.279697133877628,4.30406509320417
132,0,0,0,360.0,1.0,1,1,7.907651594711089,4.248495242049359
133,0,0,1,120.0,1.0,1,1,8.148734808937169,3.2188758248682006
134,0,0,0,360.0,1.0,1,1,8.49596955496461,4.624972813284271
135,4,0,0,360.0,1.0,1,0,9.184317187066945,5.566434283504978
136,0,0,0,360.0,1.0,0,0,8.430109084509125,4.430816798843313
137,2,0,1,360.0,1.0,2,1,8.827028068509152,4.477336814478207
138,0,0,0,360.0,0.0,1,0,9.227320392010867,5.488937726156687
139,2,1,0,360.0,1.0,0,0,8.635864721133736,4.859812404361672
140,2,0,0,360.0,1.0,0,0,8.871365005136852,5.220355825078324
141,0,0,0,360.0,1.0,2,1,8.597297435657898,5.123963979403259
142,0,0,1,180.0,1.0,1,1,8.846496938558838,5.1647859739235145
143,0,0,0,360.0,1.0,1,1,8.462103225098277,4.804021044733257
144,2,0,0,180.0,1.0,2,1,9.227320392010867,5.231108616854587
145,0,0,0,360.0,1.0,1,1,8.827028068509152,4.605170185988092
146,2,0,0,360.0,1.0,2,1,9.227320392010867,4.248495242049359
147,1,0,0,360.0,1.0,2,1,7.993957547573565,3.4011973816621555
148,0,0,0,360.0,1.0,0,0,9.364433907313582,5.41610040220442
149,0,0,0,360.0,1.0,1,1,8.646465527120377,4.8283137373023015
150,0,0,0,360.0,0.0,0,0,8.744647438317532,4.770684624465665
151,0,0,1,360.0,1.0,0,1,8.752581469146884,5.0238805208462765
152,0,0,0,360.0,1.0,2,0,9.123256265069069,5.497168225293202
153,2,1,0,360.0,1.0,0,0,7.732369222284388,4.727387818712341
154,0,0,0,360.0,1.0,2,1,8.087640287778983,3.912023005428146
155,4,0,0,180.0,0.0,1,1,9.227320392010867,5.566434283504978
156,1,0,0,360.0,1.0,0,1,8.699514748210191,5.075173815233827
157,1,0,0,360.0,1.0,2,1,9.16303909885817,5.231108616854587
158,0,0,0,360.0,1.0,0,1,8.529714471969909,4.787491742782046
159,0,0,0,360.0,1.0,1,1,9.23092700558457,5.541263545158426
160,0,1,0,360.0,1.0,1,1,7.973844375944687,4.584967478670572
161,0,0,0,360.0,1.0,2,0,8.978786553302003,5.566434283504978
162,1,0,0,360.0,0.0,1,0,8.382289428951436,4.795790545596741
163,2,0,0,360.0,1.0,0,1,8.633018756921828,5.062595033026967
164,0,0,0,180.0,1.0,2,1,9.140239744296693,4.31748811353631
165,0,0,0,360.0,1.0,0,1,8.835355971121606,5.204006687076795
166,0,0,0,360.0,1.0,0,0,8.430109084509125,4.718498871295094
167,0,0,0,360.0,1.0,0,1,8.660773919893762,4.859812404361672
168,0,0,0,480.0,0.0,1,0,7.71289096149013,4.143134726391533
169,2,0,0,360.0,1.0,1,1,8.987196820661973,5.298317366548036
170,0,1,0,360.0,1.0,0,1,8.185628891147607,4.553876891600541
171,4,0,0,300.0,1.0,2,1,9.227320392010867,5.566434283504978
172,4,1,0,180.0,1.0,0,0,8.166784289056151,4.394449154672439
173,0,0,0,360.0,1.0,1,1,9.335474102732949,5.231108616854587
174,0,1,1,360.0,1.0,1,0,8.533066540572527,4.465908118654584
175,0,0,0,360.0,1.0,0,1,8.605387202152153,4.7535901911063645
176,2,0,0,360.0,1.0,0,1,8.20631072579402,4.61512051684126
177,4,0,0,360.0,0.0,1,0,9.328934189970829,5.566434283504978
178,1,0,0,360.0,1.0,1,1,8.229511118964457,4.7535901911063645
179,0,1,0,480.0,0.0,2,0,8.238536930171769,4.624972813284271
180,1,0,0,360.0,0.0,2,0,9.404518444997377,5.19295685089021
181,0,0,0,360.0,1.0,0,0,8.850660919017152,4.204692619390966
182,0,0,0,180.0,1.0,1,1,8.433811582477187,4.290459441148391
183,1,0,0,360.0,1.0,1,0,9.227320392010867,5.560681631015528
184,0,0,0,360.0,1.0,1,1,8.195609567288775,4.68213122712422
185,0,0,1,360.0,1.0,1,1,9.610541650409248,4.787491742782046
186,1,0,1,300.0,0.0,0,0,7.686162303492906,4.189654742026425
187,0,0,0,360.0,1.0,0,1,8.416488487294606,4.060443010546419
188,0,0,1,360.0,1.0,0,1,8.694502206386648,5.123963979403259
189,0,0,0,180.0,1.0,0,1,9.140775908590273,5.236441962829949
190,0,1,0,360.0,1.0,0,1,8.493924564476883,3.871201010907891
191,0,0,0,360.0,1.0,1,0,9.227320392010867,5.099866427824199
192,0,1,0,360.0,1.0,2,0,8.704999678440762,5.075173815233827
193,0,0,0,360.0,1.0,1,1,8.257904193465674,4.330733340286331
194,0,0,0,360.0,1.0,0,1,8.340694647925071,4.787491742782046
195,1,0,0,360.0,1.0,1,0,8.649623978596727,5.135798437050262
196,0,0,0,360.0,1.0,0,1,9.399554785027307,5.231108616854587
197,0,1,0,360.0,1.0,2,1,8.35983738064003,4.787491742782046
198,0,0,0,360.0,1.0,1,1,8.737452587550584,4.727387818712341
199,0,0,1,360.0,1.0,2,0,9.227320392010867,4.418840607796598
200,1,1,0,360.0,1.0,1,1,8.536995818712418,4.499809670330265
201,2,0,0,360.0,0.0,1,1,8.5016733797582,5.111987788356544
202,4,1,0,180.0,1.0,2,0,8.292047637431354,4.852030263919617
203,1,1,0,360.0,1.0,2,1,8.430109084509125,4.90527477843843
204,2,1,0,360.0,1.0,1,1,8.27308133366583,4.820281565605037
205,0,1,0,360.0,1.0,1,1,8.391176350832751,4.787491742782046
206,0,0,0,360.0,1.0,2,1,8.084562415235304,4.382026634673881
207,0,1,0,360.0,1.0,0,1,8.780480107033297,4.007333185232471
208,0,0,0,360.0,1.0,2,1,7.8156105320351905,4.07753744390572
209,0,0,0,360.0,1.0,1,0,8.136810863675537,4.844187086458591
210,0,0,0,360.0,1.0,1,0,9.210340371976184,5.365976015021851
211,4,0,0,360.0,0.0,1,0,8.451053388911692,4.852030263919617
212,1,0,1,360.0,1.0,2,1,8.960210955576986,5.480638923341991
213,4,1,1,360.0,1.0,0,1,8.648747631156539,4.867534450455582
214,0,0,0,360.0,1.0,2,1,8.731336360533149,4.919980925828125
215,4,1,0,360.0,1.0,1,1,8.483222671845084,4.605170185988092
216,0,0,0,360.0,1.0,0,0,7.575584651557793,4.90527477843843
217,0,0,0,360.0,1.0,1,1,8.61286694148452,4.875197323201151
218,2,0,0,360.0,0.0,1,0,8.517193191416238,4.276666119016055
219,2,0,0,360.0,1.0,1,1,8.804775258867686,4.844187086458591
220,0,0,0,360.0,0.0,2,0,7.7057128238944275,4.0943445622221
221,2,0,0,360.0,1.0,1,1,8.65277248565806,4.7535901911063645
222,0,0,0,360.0,1.0,1,1,8.659039915644474,4.969813299576001
223,0,0,0,360.0,1.0,1,1,9.058121158998672,5.1647859739235145
224,0,0,0,360.0,1.0,1,1,8.740336742730447,4.852030263919617
225,0,0,0,360.0,1.0,0,0,8.086410275323782,5.135798437050262
226,0,1,1,360.0,1.0,2,0,8.462737005620179,4.927253685157205
227,2,0,0,360.0,1.0,1,1,8.980298078970817,5.3471075307174685
228,0,0,0,480.0,1.0,1,1,8.467582690862903,5.062595033026967
229,0,0,1,360.0,1.0,0,1,8.764053269347762,5.298317366548036
230,1,0,0,360.0,1.0,1,1,8.421783006611578,4.6443908991413725
231,0,0,0,180.0,1.0,0,1,8.22040309993373,3.7376696182833684
232,0,1,0,360.0,1.0,0,1,8.663369301573839,4.787491742782046
233,0,0,0,360.0,1.0,1,1,9.027978814382207,5.566434283504978
234,1,0,0,360.0,1.0,1,1,8.503905297089302,4.941642422609304
235,1,0,0,360.0,1.0,0,1,8.81877816903701,5.135798437050262
236,0,0,0,360.0,1.0,2,0,8.656259239539235,5.541263545158426
237,0,0,1,360.0,1.0,2,1,8.149890544402423,4.804021044733257
238,1,0,0,360.0,1.0,0,1,8.245909264774093,4.718498871295094
239,1,0,0,360.0,1.0,1,1,8.106212902619962,4.564348191467836
240,2,0,0,360.0,1.0,0,1,9.289059126687574,4.787491742782046
241,1,1,0,180.0,1.0,2,0,8.41027590907016,4.941642422609304
242,0,0,0,60.0,1.0,2,1,9.067162602299854,5.043425116919247
243,2,0,1,360.0,1.0,0,1,8.92930284224307,4.68213122712422
244,0,1,0,360.0,1.0,1,1,8.96482339168508,4.812184355372417
245,0,0,1,180.0,1.0,2,0,9.247925132303454,4.787491742782046
246,2,0,0,360.0,1.0,2,1,9.1801903950253,4.718498871295094
247,1,1,0,180.0,1.0,2,1,8.796036315200814,4.919980925828125
248,1,0,0,480.0,1.0,1,1,8.460622839927844,4.812184355372417
249,0,0,0,360.0,1.0,2,1,8.209852481301272,4.499809670330265
250,0,1,0,360.0,0.0,1,0,8.62299361030245,5.303304908059076
251,2,0,0,360.0,1.0,2,0,8.139440521874608,4.927253685157205
252,0,1,1,360.0,1.0,0,1,8.465899897028686,4.6443908991413725
253,1,1,0,180.0,1.0,1,1,9.036477935723862,5.566434283504978
254,0,0,1,360.0,0.0,2,0,9.227320392010867,5.2574953720277815
255,4,0,0,360.0,1.0,0,1,8.03365842788615,5.541263545158426
256,0,1,0,360.0,0.0,0,0,8.706986763048892,4.74493212836325
257,4,0,0,360.0,1.0,2,0,8.565983355585669,4.543294782270004
258,0,0,0,360.0,1.0,0,0,9.415014407006732,5.566434283504978
259,4,1,0,360.0,1.0,1,0,8.503297086224126,4.852030263919617
260,1,0,0,360.0,1.0,2,1,9.243097936214355,5.566434283504978
261,0,0,0,360.0,1.0,1,1,8.359134886757962,4.897839799950911
262,1,0,0,36.0,1.0,1,0,8.15507488781144,5.043425116919247
263,0,0,0,360.0,1.0,0,1,8.881836305004146,4.787491742782046
264,0,0,1,360.0,1.0,1,1,8.549853973655786,4.852030263919617
265,0,0,0,360.0,1.0,0,1,8.928242677818302,5.017279836814924
266,2,0,0,360.0,1.0,1,1,8.715224041915372,5.0106352940962555
267,4,0,0,360.0,0.0,2,1,8.723231274827508,5.075173815233827
268,0,0,0,360.0,1.0,0,0,8.136810863675537,4.90527477843843
269,1,0,0,360.0,1.0,2,1,8.397508348470257,4.499809670330265
270,0,0,0,360.0,1.0,2,1,8.082402253926244,3.4011973816621555
271,0,0,0,360.0,1.0,2,1,9.227320392010867,4.912654885736052
272,0,0,0,360.0,1.0,0,1,8.453187861440325,4.836281906951478
273,0,0,0,360.0,1.0,1,1,8.48528964240323,5.0106352940962555
274,2,0,0,360.0,1.0,1,1,8.268731832117737,4.499809670330265
275,1,0,0,360.0,1.0,1,1,8.432070937999402,4.74493212836325
276,0,0,0,360.0,1.0,1,1,8.891098830616636,5.332718793265369
277,0,0,0,360.0,1.0,2,1,8.390041405755754,4.382026634673881
278,0,0,0,360.0,1.0,1,1,9.227320392010867,5.566434283504978
279,0,1,0,360.0,1.0,0,1,8.318742252692399,4.820281565605037
280,1,1,1,360.0,0.0,2,0,8.776321456449958,5.062595033026967
281,0,0,0,360.0,1.0,1,1,8.461046030793236,4.718498871295094
282,2,0,0,180.0,1.0,2,1,8.097669722345216,4.356708826689592
283,0,0,0,360.0,1.0,2,1,8.153925132007862,3.9889840465642745
284,0,0,0,360.0,1.0,0,0,9.227320392010867,4.852030263919617
285,0,0,0,360.0,1.0,0,1,8.734077192559303,4.48863636973214
286,0,0,1,300.0,1.0,1,0,8.370315995555478,4.59511985013459
287,0,0,0,360.0,1.0,0,1,8.648922962094131,4.787491742782046
288,0,0,0,360.0,1.0,1,1,8.32457884513685,4.74493212836325
289,0,0,0,360.0,1.0,0,1,9.159888828480085,5.231108616854587
290,0,0,0,360.0,1.0,0,1,8.610865667278873,4.9344739331306915
291,2,0,0,360.0,0.0,1,0,8.389359819906353,4.844187086458591
292,2,0,0,360.0,1.0,2,1,8.45807992692373,4.897839799950911
293,0,0,0,480.0,0.0,2,0,8.597297435657898,4.962844630259907
294,0,0,0,360.0,1.0,1,1,8.651199471263972,5.147494476813453
295,4,0,0,360.0,1.0,2,1,8.642238680390461,4.700480365792417
296,1,0,0,360.0,1.0,1,1,8.835646922534773,5.298317366548036
297,1,0,0,360.0,1.0,2,1,8.448057452581375,4.90527477843843
298,0,0,0,480.0,1.0,0,0,8.928110078202646,5.017279836814924
299,1,0,0,360.0,1.0,2,0,8.504918160540624,4.727387818712341
300,0,1,0,360.0,0.0,2,0,8.46252579007393,4.532599493153256
301,0,1,0,360.0,1.0,1,1,8.439231649946526,4.653960350157523
302,0,0,0,360.0,1.0,0,1,8.517193191416238,4.882801922586371
303,1,0,0,360.0,1.0,2,1,8.13973227971767,4.564348191467836
304,0,0,0,360.0,1.0,0,1,8.779557455883728,4.941642422609304
305,0,1,0,360.0,1.0,2,0,7.600902459542082,4.852030263919617
306,0,0,0,360.0,1.0,0,1,8.59932602095476,4.90527477843843
307,0,0,0,360.0,0.0,2,0,8.35772841676521,4.6443908991413725
308,0,0,0,360.0,1.0,0,0,9.227320392010867,5.566434283504978
309,2,1,0,360.0,1.0,0,1,8.944680683558895,5.220355825078324
310,0,0,0,360.0,1.0,1,1,7.978310969867722,4.430816798843313
311,0,1,0,360.0,1.0,1,1,8.5814816812986,4.709530201312334
312,0,0,0,360.0,1.0,0,1,7.826842098158293,4.02535169073515
313,2,0,1,84.0,1.0,0,1,8.656259239539235,4.969813299576001
314,0,0,0,360.0,1.0,0,0,8.370084326378025,5.0689042022202315
315,1,1,0,180.0,1.0,2,1,8.524962928680598,4.709530201312334
316,2,0,0,360.0,1.0,1,1,8.220672170297252,4.787491742782046
317,0,0,0,360.0,1.0,2,1,8.340933226000878,4.477336814478207
318,1,0,0,360.0,1.0,1,1,8.172164452111904,4.718498871295094
319,1,0,1,360.0,1.0,0,0,9.210340371976184,5.043425116919247
320,0,0,0,360.0,1.0,1,1,8.426611813185,4.74493212836325
321,4,0,0,360.0,1.0,1,1,8.418697944667139,4.820281565605037
322,2,1,0,360.0,1.0,0,1,8.55468163582723,4.852030263919617
323,0,0,0,360.0,1.0,0,1,8.724369949208368,4.882801922586371
324,4,0,0,360.0,1.0,0,1,9.227320392010867,5.566434283504978
325,1,0,1,360.0,0.0,0,0,9.521421537856195,5.566434283504978
326,0,0,0,360.0,0.0,0,1,8.50045386741194,4.867534450455582
327,0,0,1,360.0,1.0,1,1,8.984443032465352,5.214935757608986
328,0,0,0,360.0,1.0,2,0,8.822322177471738,4.700480365792417
329,0,0,0,360.0,1.0,2,1,7.824046010856292,4.204692619390966
330,1,0,0,360.0,1.0,2,1,8.728587995695898,4.762173934797756
331,0,0,0,360.0,1.0,1,1,7.984462732262196,4.584967478670572
332,0,0,0,360.0,1.0,2,1,7.949091499830517,4.2626798770413155
333,0,0,0,180.0,1.0,2,1,9.227320392010867,5.566434283504978
334,1,0,1,180.0,1.0,2,1,9.364433907313582,5.204006687076795
335,0,0,1,360.0,1.0,1,1,9.209640126861789,4.248495242049359
336,1,0,0,360.0,1.0,0,1,8.689127655323706,5.075173815233827
337,2,0,1,360.0,1.0,0,1,8.867850063029406,5.170483995038151
338,4,1,0,360.0,0.0,2,0,7.512071245835466,4.852030263919617
339,0,0,0,360.0,1.0,1,1,8.333270353255308,4.2626798770413155
340,4,1,0,360.0,1.0,0,0,8.350902451694811,5.153291594497779
341,0,0,0,360.0,1.0,0,0,7.774015077250727,3.828641396489095
342,1,1,0,360.0,1.0,2,1,8.662677858158219,5.062595033026967
343,4,1,0,360.0,1.0,1,1,8.062432791583195,4.30406509320417
344,2,0,0,360.0,1.0,0,1,8.499640032168648,4.8283137373023015
345,0,0,0,360.0,1.0,1,1,8.508555998020574,5.075173815233827
346,0,1,0,360.0,0.0,0,0,8.817742129574842,5.0238805208462765
347,2,1,0,360.0,1.0,2,1,8.566173813637858,4.836281906951478
348,0,0,0,360.0,1.0,1,1,9.29798488182823,5.556828061699537
349,0,0,0,360.0,1.0,0,1,9.032185124051644,5.231108616854587
350,0,0,0,360.0,1.0,1,1,9.114159813502214,5.429345628954441
351,0,0,0,360.0,1.0,0,0,9.466299552232016,5.566434283504978
352,4,0,0,360.0,1.0,0,1,8.465689348549121,4.553876891600541
353,0,0,1,360.0,0.0,0,0,8.612503371220562,4.653960350157523
354,0,0,0,360.0,1.0,1,1,7.982074875081202,4.867534450455582
355,0,0,0,180.0,1.0,2,1,8.246171559857563,4.7535901911063645
356,2,0,0,360.0,1.0,0,1,9.350102314351341,5.10594547390058
357,1,0,0,360.0,1.0,2,0,8.262300941787448,4.204692619390966
358,0,1,0,480.0,0.0,2,0,8.448057452581375,4.605170185988092
359,4,0,0,360.0,1.0,1,1,9.0280988119824,5.298317366548036
360,1,0,0,360.0,1.0,1,0,8.460199469896118,4.394449154672439
361,2,0,0,360.0,1.0,1,1,9.067277989134345,5.4638318050256105
362,0,0,0,360.0,1.0,2,1,8.865452825753623,4.867534450455582
363,0,0,0,300.0,1.0,2,1,8.707152175339404,4.553876891600541
364,0,0,1,360.0,1.0,0,1,8.82790796297859,4.948759890378168
365,0,1,0,360.0,1.0,0,0,8.734881892047483,4.890349128221754
366,0,0,0,480.0,1.0,1,0,7.824046010856292,4.564348191467836
367,0,0,0,360.0,0.0,0,0,8.541690663016626,4.820281565605037
368,1,0,0,360.0,1.0,1,1,8.752265313595721,5.1647859739235145
369,0,0,0,360.0,1.0,0,0,9.644538698907219,5.566434283504978
370,0,0,1,360.0,1.0,1,1,9.227320392010867,4.007333185232471
371,2,0,0,360.0,1.0,1,1,8.553525120663627,5.043425116919247
372,2,0,1,300.0,1.0,0,1,9.620204125178514,5.566434283504978
373,1,0,0,180.0,0.0,2,0,8.526945482858915,4.709530201312334
374,0,0,0,360.0,1.0,2,1,8.348301054933943,4.700480365792417
375,0,0,0,180.0,1.0,2,1,8.655214489313613,4.787491742782046
376,4,0,0,360.0,1.0,0,1,9.52850315168155,4.867534450455582
377,0,0,0,360.0,1.0,1,1,8.368693183097793,4.867534450455582
378,0,0,0,480.0,1.0,2,0,8.029107054619736,4.2626798770413155
379,2,0,0,360.0,1.0,2,1,8.592486175451668,4.867534450455582
380,0,0,0,360.0,1.0,1,1,8.671286726753637,4.852030263919617
381,0,0,0,360.0,1.0,1,1,9.227492430793749,5.566434283504978
382,0,0,0,360.0,1.0,2,1,8.699514748210191,5.049856007249537
383,0,0,1,360.0,1.0,2,1,8.877242435993919,4.852030263919617
384,2,0,0,360.0,1.0,2,0,8.42639282708974,4.605170185988092
385,1,0,0,180.0,1.0,2,1,8.207129168071326,4.727387818712341
386,0,1,0,360.0,1.0,1,1,8.28045768658256,4.882801922586371
387,0,1,0,360.0,0.0,2,0,8.72355674269043,4.852030263919617
388,0,0,0,360.0,1.0,2,1,8.465899897028686,4.912654885736052
389,0,0,0,360.0,1.0,0,1,8.610319169405722,4.8283137373023015
390,4,0,0,360.0,1.0,0,1,9.123365357961776,5.220355825078324
391,4,0,0,360.0,1.0,0,1,9.159468041602427,5.566434283504978
392,0,0,0,360.0,1.0,2,1,8.454892165218858,4.787491742782046
393,2,1,0,180.0,1.0,1,1,8.193676665955241,4.727387818712341
394,2,0,0,360.0,1.0,2,1,8.411832675758411,4.727387818712341
395,2,0,0,360.0,1.0,1,1,8.23217423638394,4.90527477843843
396,0,0,0,360.0,0.0,2,0,8.064636475774222,4.2626798770413155
397,0,0,0,360.0,1.0,2,1,8.410053315858335,4.553876891600541
398,0,1,0,360.0,1.0,0,1,8.624791202014256,4.6913478822291435
399,0,0,0,360.0,0.0,1,0,8.101677747454572,4.634728988229636
400,2,1,0,180.0,0.0,2,0,7.968665700466235,3.8066624897703196
401,0,1,0,300.0,1.0,0,0,7.9211727215870145,4.174387269895637
402,0,0,0,360.0,1.0,1,1,9.01713479858015,4.634728988229636
403,0,1,0,360.0,1.0,1,1,7.5822291942764615,3.970291913552122
404,0,0,1,360.0,1.0,0,0,8.914760527397261,5.267858159063328
405,0,0,0,360.0,1.0,1,1,8.42222295382501,4.74493212836325
406,0,1,0,360.0,1.0,2,1,8.426611813185,4.74493212836325
407,0,1,0,360.0,1.0,0,1,7.70210434005105,4.189654742026425
408,1,0,0,300.0,0.0,1,0,9.02401079378469,5.0238805208462765
409,4,0,0,360.0,0.0,0,0,9.227320392010867,5.566434283504978
410,1,1,1,360.0,1.0,1,0,8.260234291607297,4.127134385045092
411,0,0,0,360.0,1.0,2,1,8.741296282225147,5.075173815233827
412,0,1,0,360.0,0.0,0,0,8.715388097366482,5.384495062789089
413,0,1,0,360.0,1.0,0,1,8.363109176033522,4.700480365792417
414,0,1,0,360.0,0.0,1,0,8.591558273371545,5.181783550292085
415,0,0,0,360.0,1.0,2,1,8.00469951054955,4.0943445622221
416,1,0,0,360.0,1.0,2,0,7.8632667240095735,5.075173815233827
417,2,0,1,360.0,1.0,2,0,8.901519780321838,5.476463551931511
418,0,0,0,360.0,1.0,0,1,8.242229891372231,4.718498871295094
419,0,0,0,360.0,1.0,1,1,8.44741429680832,4.927253685157205
420,0,0,0,360.0,1.0,0,1,8.67060073804555,4.927253685157205
421,0,1,0,360.0,0.0,2,0,7.908387159290043,4.382026634673881
422,0,0,0,360.0,1.0,2,1,8.171599480345463,4.605170185988092
423,1,0,0,360.0,0.0,2,0,9.095714846134879,4.700480365792417
424,0,0,0,360.0,1.0,1,1,9.227320392010867,4.564348191467836
425,0,0,0,360.0,1.0,0,1,8.848796450925947,4.795790545596741
426,1,1,0,360.0,1.0,0,0,8.43511508038063,4.394449154672439
427,2,0,0,360.0,1.0,1,1,8.688622307043769,4.890349128221754
428,0,0,0,360.0,1.0,0,1,7.984844261119869,4.465908118654584
429,0,1,0,180.0,1.0,2,1,7.907283609426348,4.0943445622221
430,1,0,1,360.0,1.0,1,1,9.06230429314878,5.0106352940962555
431,0,0,0,360.0,0.0,0,0,8.779557455883728,4.653960350157523
432,0,0,0,360.0,1.0,1,1,9.227320392010867,5.566434283504978
433,0,0,0,360.0,1.0,1,1,8.469052816088302,4.962844630259907
434,0,0,0,360.0,1.0,2,1,8.229511118964457,4.605170185988092
435,0,0,0,240.0,1.0,1,1,9.215029361462314,4.852030263919617
436,0,0,0,360.0,1.0,1,1,8.236685322712457,3.912023005428146
437,0,0,0,360.0,1.0,2,1,8.11312710422178,4.852030263919617
438,0,0,1,360.0,0.0,2,0,9.227320392010867,5.231108616854587
439,0,1,1,360.0,1.0,0,1,8.873748128154395,4.927253685157205
440,0,0,0,360.0,1.0,1,1,9.07383312732152,5.231108616854587
441,0,0,0,360.0,1.0,0,1,9.1833801903934,5.19295685089021
442,4,1,0,360.0,1.0,1,1,8.809862805379057,4.997212273764115
443,1,0,0,360.0,1.0,1,1,9.227320392010867,5.0238805208462765
444,0,0,0,300.0,1.0,0,1,9.478543327296727,5.1647859739235145
445,1,0,1,360.0,1.0,0,1,8.450198322591959,4.867534450455582
446,2,1,0,360.0,1.0,0,1,8.445052513638554,4.700480365792417
447,0,0,0,360.0,1.0,0,0,8.500047032581268,4.007333185232471
448,2,0,0,360.0,0.0,0,0,8.527143522269405,5.0106352940962555
449,1,1,1,360.0,1.0,1,0,8.368925174747135,5.247024072160486
450,2,1,0,360.0,0.0,0,0,8.1786387885907,4.8283137373023015
451,2,1,0,300.0,1.0,2,1,8.135639903354386,4.0943445622221
452,0,0,0,360.0,0.0,0,0,8.644882552557126,5.003946305945459
453,0,0,0,180.0,0.0,0,1,8.506940814951886,4.499809670330265
454,0,0,1,360.0,1.0,1,1,8.865735152124781,4.430816798843313
455,2,0,0,360.0,1.0,1,1,8.258163361537619,4.564348191467836
456,0,0,0,360.0,1.0,2,1,8.366602832783736,4.770684624465665
457,0,0,0,360.0,1.0,2,0,8.744647438317532,5.153291594497779
458,2,0,0,360.0,1.0,0,1,8.378850241794492,4.912654885736052
459,0,0,0,360.0,1.0,1,0,9.0280988119824,5.075173815233827
460,0,0,1,360.0,1.0,1,1,8.726805608446096,5.075173815233827
461,4,0,0,180.0,1.0,2,1,8.954156966583772,4.852030263919617
462,0,0,0,360.0,1.0,0,1,8.556990661290303,5.030437921392435
463,1,1,0,360.0,1.0,1,1,8.55468163582723,4.882801922586371
464,0,0,0,360.0,0.0,1,0,8.334711621820917,4.584967478670572
465,0,0,0,360.0,1.0,0,1,8.699514748210191,4.941642422609304
466,4,1,0,180.0,0.0,2,0,8.436200032206706,4.248495242049359
467,0,0,0,360.0,1.0,1,1,9.227320392010867,4.700480365792417
468,2,1,0,360.0,1.0,1,1,8.047829357457841,4.584967478670572
469,0,0,0,360.0,1.0,2,0,8.822322177471738,4.700480365792417
470,1,0,1,360.0,1.0,1,1,8.617762246337932,5.087596335232384
471,1,1,0,180.0,0.0,0,0,8.331586243630754,4.727387818712341
472,4,0,0,360.0,1.0,1,1,8.453401058328458,4.605170185988092
473,0,0,1,360.0,1.0,2,1,7.824046010856292,4.532599493153256
474,2,0,0,360.0,1.0,0,1,9.228180290104513,5.087596335232384
475,2,0,1,360.0,1.0,0,1,9.322351225037876,5.0106352940962555
476,2,0,0,300.0,1.0,1,1,9.041921720351219,5.438079308923196
477,2,0,0,360.0,0.0,1,0,8.464846711044029,4.882801922586371
478,1,0,1,360.0,1.0,1,1,9.427163994545573,4.454347296253507
479,2,0,0,360.0,1.0,2,0,8.422882511944996,4.852030263919617
480,0,1,0,360.0,1.0,0,1,8.37793112408273,5.0369526024136295
481,4,1,0,360.0,1.0,0,1,8.037543185118697,4.727387818712341
482,0,0,0,360.0,1.0,1,1,8.562740006372207,4.852030263919617
483,0,0,0,360.0,1.0,1,1,9.227320392010867,5.455321115357702
484,2,0,0,360.0,1.0,1,1,9.027978814382207,5.5053315359323625
485,1,1,0,360.0,1.0,0,1,8.387995252944556,4.875197323201151
486,2,0,0,360.0,0.0,0,0,8.173857454773621,4.382026634673881
487,1,0,0,360.0,1.0,2,0,9.227320392010867,5.566434283504978
488,2,0,1,360.0,1.0,1,1,8.804775258867686,5.075173815233827
489,0,0,0,360.0,1.0,2,0,7.79770203551669,4.31748811353631
490,0,1,0,360.0,1.0,1,1,8.609590040682205,4.564348191467836
491,1,1,0,360.0,1.0,2,1,8.774003600200931,5.225746673713202
492,0,1,0,360.0,1.0,0,1,8.213652703029998,4.700480365792417
493,0,1,1,360.0,1.0,1,1,9.227320392010867,5.41610040220442
494,0,0,0,360.0,0.0,0,0,8.657650544111494,4.77912349311153
495,1,0,0,84.0,1.0,1,1,8.352082671352637,4.653960350157523
496,0,1,0,360.0,1.0,0,1,8.366370301681654,4.672828834461906
497,0,0,0,12.0,1.0,2,1,8.920255414908091,4.709530201312334
498,1,0,1,360.0,1.0,1,1,7.970740390007095,4.553876891600541
499,0,0,0,360.0,0.0,0,0,9.277905558138606,5.342334251964811
500,0,0,0,480.0,1.0,0,1,8.372860820526318,4.727387818712341
501,0,0,0,360.0,1.0,1,1,8.058010800802085,4.605170185988092
502,2,0,0,360.0,1.0,1,1,9.258082367961604,5.337538079701318
503,1,1,0,360.0,1.0,0,0,9.143345503151904,4.927253685157205
504,0,1,0,300.0,1.0,1,1,8.574895901544526,4.820281565605037
505,2,0,0,360.0,1.0,0,1,8.97790377375038,5.493061443340548
506,0,0,0,360.0,1.0,2,1,9.674978067817195,5.566434283504978
507,0,0,0,360.0,1.0,2,0,8.183955717304954,4.564348191467836
508,0,0,1,360.0,1.0,2,1,8.61104776688786,5.236441962829949
509,1,0,0,360.0,1.0,2,1,9.227320392010867,3.6888794541139363
510,0,1,0,360.0,1.0,0,0,8.493924564476883,4.605170185988092
511,1,0,0,360.0,1.0,1,1,8.995784837848506,5.521460917862246
512,2,0,0,360.0,1.0,2,1,8.578852571802965,4.997212273764115
513,0,0,0,180.0,1.0,1,0,8.971210340106568,4.248495242049359
514,0,0,0,360.0,1.0,0,0,9.15704507491796,5.566434283504978
515,4,0,0,360.0,1.0,0,1,8.83840674707681,5.0106352940962555
516,2,0,0,480.0,1.0,1,1,8.206037762778815,4.727387818712341
517,0,1,0,360.0,0.0,1,0,8.491670234185152,4.812184355372417
518,0,0,0,360.0,1.0,1,0,8.794521851788527,5.220355825078324
519,0,1,0,360.0,1.0,0,0,8.131530710604252,4.553876891600541
520,2,1,0,360.0,1.0,1,1,8.277411998949004,3.8066624897703196
521,0,0,0,360.0,1.0,1,1,7.824046010856292,4.007333185232471
522,4,0,1,360.0,1.0,0,1,8.867990898182093,4.605170185988092
523,2,0,1,360.0,1.0,0,1,9.524503091677534,5.566434283504978
524,0,0,0,360.0,1.0,1,0,8.819813136232225,4.852030263919617
525,2,0,1,360.0,1.0,0,1,9.227320392010867,5.566434283504978
526,0,0,0,360.0,1.0,1,1,8.236155661683124,4.700480365792417
527,1,1,0,360.0,0.0,1,1,8.812099108957337,5.081404364984463
528,1,1,0,360.0,1.0,1,1,8.289288323000317,4.543294782270004
529,0,1,0,360.0,1.0,1,1,8.82217476094608,4.867534450455582
530,0,0,0,360.0,1.0,0,1,8.783396232190894,5.375278407684165
531,4,0,0,360.0,1.0,2,1,8.361941906144946,4.605170185988092
532,2,0,0,360.0,0.0,0,0,8.185350223178686,4.700480365792417
533,1,0,0,360.0,1.0,1,0,9.227320392010867,5.278114659230517
534,0,1,1,360.0,1.0,2,1,9.227320392010867,4.8283137373023015
535,0,1,0,360.0,1.0,0,1,8.432070937999402,4.836281906951478
536,0,0,0,360.0,1.0,2,1,9.214232786691527,5.566434283504978
537,2,0,0,360.0,1.0,1,1,8.193400231952097,4.672828834461906
538,0,1,0,360.0,1.0,0,0,8.146998697389993,4.189654742026425
539,4,0,0,180.0,1.0,0,1,8.766705997750515,5.056245805348308
540,1,0,0,180.0,1.0,1,1,8.916371914881694,4.941642422609304
541,0,0,0,360.0,0.0,1,0,7.6676260915849905,4.59511985013459
542,1,0,0,360.0,1.0,1,1,8.20303024171486,4.553876891600541
543,1,1,0,360.0,1.0,2,1,8.46863300080086,4.852030263919617
544,0,1,0,360.0,1.0,1,1,8.210668031162976,4.624972813284271
545,0,0,0,360.0,1.0,0,1,8.45914025996762,5.043425116919247
546,0,1,0,36.0,1.0,1,0,8.119100837637486,4.382026634673881
547,0,0,0,360.0,1.0,0,1,8.368461137615839,4.976733742420574
548,0,0,0,360.0,0.0,1,0,8.517193191416238,4.634728988229636
549,0,0,0,360.0,1.0,0,1,8.476579508530941,4.700480365792417
550,2,0,1,360.0,0.0,0,0,8.799812469525556,4.852030263919617
551,1,1,0,360.0,1.0,0,1,8.490233009833455,4.852030263919617
552,1,0,0,360.0,1.0,2,1,8.792245847467877,5.062595033026967
553,0,1,0,360.0,0.0,2,0,8.473659189392508,5.198497031265826
554,0,0,0,180.0,0.0,0,0,8.969414650866176,4.882801922586371
555,1,0,0,360.0,1.0,1,1,8.779557455883728,3.258096538021482
556,0,0,0,360.0,1.0,2,1,8.36450810375059,4.430816798843313
557,4,0,1,360.0,1.0,1,1,9.22414465295258,5.560681631015528
558,0,0,0,360.0,1.0,1,1,8.78813593986372,5.087596335232384
559,0,0,0,360.0,1.0,1,1,8.777401286867264,5.204006687076795
560,2,1,0,360.0,1.0,1,1,8.27308133366583,4.68213122712422
561,1,0,1,360.0,1.0,1,1,9.227320392010867,5.566434283504978
562,0,0,0,360.0,1.0,0,1,8.984317679911129,5.351858133476067
563,0,1,1,360.0,1.0,1,1,8.66561319653451,4.882801922586371
564,2,0,0,360.0,0.0,2,0,9.08239335764556,5.552959584921617
565,0,1,0,360.0,1.0,0,1,8.404472321352118,4.787491742782046
566,0,0,0,360.0,1.0,2,1,8.11162807830774,4.248495242049359
567,4,0,0,360.0,0.0,0,0,8.68270762989381,4.812184355372417
568,0,0,0,360.0,1.0,2,0,7.774015077250727,2.1972245773362196
569,0,0,0,360.0,0.0,2,0,8.56216655705897,4.6443908991413725
570,1,0,0,360.0,1.0,2,1,8.550047528287184,5.225746673713202
571,0,0,0,360.0,0.0,2,0,8.789812386190972,5.10594547390058
572,2,0,0,360.0,1.0,2,1,9.227320392010867,5.566434283504978
573,2,1,0,480.0,1.0,1,0,8.955448122347393,5.231108616854587
574,4,0,0,360.0,1.0,1,0,8.764990330169104,5.0106352940962555
575,2,0,0,84.0,1.0,2,1,8.194229304819817,4.68213122712422
576,0,0,0,360.0,0.0,1,0,8.574895901544526,4.912654885736052
577,0,0,0,360.0,1.0,2,1,8.694167141883597,4.700480365792417
578,1,0,0,360.0,1.0,0,1,8.297543529356284,4.672828834461906
579,0,0,0,360.0,1.0,2,1,8.715880102296456,5.081404364984463
580,2,0,0,360.0,1.0,1,1,8.785692444451245,5.3230099791384085
581,0,0,0,360.0,1.0,2,0,8.933153036617043,4.499809670330265
582,0,0,0,360.0,1.0,1,1,8.060224240440958,3.58351893845611
583,1,0,0,360.0,1.0,0,0,7.539027055823995,4.110873864173311
584,1,0,0,360.0,0.0,0,0,8.456168489578463,4.983606621708336
585,1,0,0,84.0,1.0,0,0,8.893298144217916,5.147494476813453
586,0,0,0,360.0,1.0,2,1,8.247743887225516,4.6443908991413725
587,0,1,0,360.0,1.0,1,1,7.68017564043659,4.248495242049359
588,0,0,0,360.0,1.0,1,1,8.465899897028686,4.543294782270004
589,2,0,1,360.0,0.0,1,0,7.9105906122564775,4.663439094112067
590,0,0,0,180.0,1.0,1,1,8.766550149546351,4.02535169073515
591,2,0,1,240.0,1.0,1,0,8.699514748210191,5.3230099791384085
592,4,0,1,360.0,1.0,1,1,9.143880005275912,5.566434283504978
593,0,0,0,180.0,1.0,0,1,8.876125585396185,4.955827057601261
594,0,0,1,360.0,1.0,2,1,9.227320392010867,5.560681631015528
595,0,1,0,360.0,1.0,0,1,8.251403065380556,4.700480365792417
596,2,1,1,360.0,1.0,0,0,8.906935339059165,5.231108616854587
597,0,0,0,360.0,0.0,1,0,8.00202481821611,4.477336814478207
598,0,0,1,360.0,1.0,0,1,9.206633510044856,5.19295685089021
599,2,0,0,360.0,1.0,2,1,8.662158961666423,5.2574953720277815
600,4,0,0,180.0,1.0,2,0,8.72569000098361,5.566434283504978
601,0,1,0,360.0,1.0,0,1,8.645762292210945,5.043425116919247
602,4,0,0,360.0,1.0,2,1,8.648747631156539,4.852030263919617
603,0,0,0,360.0,1.0,0,1,8.984317679911129,5.147494476813453
604,1,0,0,360.0,1.0,1,1,9.227320392010867,5.566434283504978
605,0,1,0,180.0,1.0,2,0,8.732304571033183,4.852030263919617
606,1,0,0,360.0,1.0,1,1,8.68270762989381,5.153291594497779
607,2,1,0,360.0,1.0,0,1,8.59378379357795,5.056245805348308
608,0,0,0,360.0,1.0,0,1,8.552946361122055,4.68213122712422
609,0,0,0,360.0,1.0,0,1,7.9724660159745655,4.2626798770413155
610,4,0,0,180.0,1.0,0,1,8.32020459757888,3.6888794541139363
611,1,0,0,360.0,1.0,2,1,9.025455532779063,5.53338948872752
612,2,0,0,360.0,1.0,2,1,8.933664178700935,5.231108616854587
613,0,0,1,360.0,0.0,1,0,8.430109084509125,4.890349128221754
